"indicator","n_species","n_missing","value_min","value_p10","value_median","value_p90","value_max"
"tmean_annual_mean",5093,0,-10.0199264231247,3.50388715886008,9.47518535198058,16.3068972284134,25.5797654552129
"tmean_warmest_month_mean",5093,0,9.62118903299718,16.3513701600308,20.5940360320257,26.1827466965426,33.3687715298886
"tmean_coldest_month_mean",5093,0,-27.1413273247186,-9.96533840483822,-1.07064595080769,7.20686576028803,23.666346989721
"temp_seasonality_mean",5093,0,3.39793876651983,15.9541605630568,21.5980601205322,27.5876664990731,38.9297911463423
"cwd_annual_sum",5093,0,28.2676832827788,198.433786005252,591.677072214635,1148.34106616154,2038.37131036812
"cwd_max_month_mean",5093,0,10.9630967872533,48.6592230836213,127.160005300743,185.658093257795,297.668493752111
"pr_annual_sum",5093,0,105.616987504222,363.360413296395,649.257522512624,1096.32361760196,2618.41743000038
"pr_driest_month_mean",5093,0,0.217775942747041,8.15874429662117,30.1082763996708,62.4527106257339,113.248616451466
