"indicator","n_species","n_missing","value_min","value_p10","value_median","value_p90","value_max"
"tmean_annual_mean",5125,0,-10.3341190421535,3.59601939984284,9.85161648137798,17.4705893700643,26.3750466940123
"tmean_warmest_month_mean",5125,0,8.72113887580353,15.9961146112031,20.1207018184155,25.1222107250733,33.3687715298886
"tmean_coldest_month_mean",5125,0,-27.1413273247186,-9.37409500345712,-0.101253180123167,10.1001974741466,25.2641148080888
"temp_seasonality_mean",5125,0,0.9518673594132,11.697880602237,20.6765956898765,27.0195219136083,38.9297911463423
"cwd_annual_sum",5125,0,37.5566658958959,204.193016333112,587.815034908434,1116.03758693938,2038.37131036812
"cwd_max_month_mean",5125,0,14.5627337792085,45.0044952454085,118.439801770866,178.353255230146,297.668493752111
"pr_annual_sum",5125,0,105.616987504222,376.49037232168,666.538026458908,1166.22004226666,2676.52314150511
"pr_driest_month_mean",5125,0,0.217775942747041,9.18709152197312,31.0064219503425,68.34619249626,136.75350723377
