"indicator","n_species","n_missing","value_min","value_p10","value_median","value_p90","value_max"
"tmean_annual_mean",4186,0,-10.0199264231247,3.77939914874303,9.90186517555452,16.5763806765916,25.5797654552129
"tmean_warmest_month_mean",4186,0,9.62119002684522,16.3831623918755,20.8592656287609,26.4147763186407,33.3687715298886
"tmean_coldest_month_mean",4186,0,-27.1413273247186,-9.3839108708891,-0.4792265126056,7.54872130566918,23.666346989721
"temp_seasonality_mean",4186,0,3.39793876651982,15.8631847850237,21.4534575380531,27.350617644733,38.9297911463423
"cwd_annual_sum",4186,0,28.2676041619508,195.959722904563,588.54201326901,1162.6369576613,2038.37131036812
"cwd_max_month_mean",4186,0,10.9630660026695,46.6445662147619,125.724838512564,187.759332983714,297.668493752111
"pr_annual_sum",4186,0,105.616987504222,356.450763676778,663.525865840983,1137.09207751148,2618.41906433644
"pr_driest_month_mean",4186,0,0.217775942747041,7.83474237580515,29.6137333232537,65.5378122637624,113.248719125564
