{
  "bin_edges": [
    0.39828380399999996,
    7.123213382487426,
    13.848142960974853,
    20.573072539462277,
    27.298002117949704,
    34.022931696437134,
    40.74786127492456,
    47.472790853411986,
    54.19772043189941,
    60.92265001038684,
    67.64757958887427,
    74.37250916736168,
    81.09743874584912,
    87.82236832433655,
    94.54729790282397,
    101.27222748131139,
    107.99715705979882,
    114.72208663828626,
    121.44701621677368,
    128.17194579526108,
    134.89687537374851,
    141.62180495223595,
    148.34673453072335,
    155.0716641092108,
    161.79659368769822,
    168.52152326618565,
    175.2464528446731,
    181.9713824231605,
    188.69631200164793,
    195.42124158013536,
    202.14617115862276,
    208.8711007371102,
    215.59603031559763,
    222.32095989408506,
    229.0458894725725,
    235.7708190510599,
    242.49574862954734,
    249.22067820803477,
    255.94560778652217,
    262.67053736500964,
    269.39546694349707,
    276.1203965219845,
    282.84532610047194
  ],
  "bin_centers": [
    3.7607485932437132,
    10.48567817173114,
    17.210607750218564,
    23.93553732870599,
    30.660466907193417,
    37.38539648568084,
    44.11032606416828,
    50.835255642655696,
    57.56018522114313,
    64.28511479963055,
    71.01004437811798,
    77.7349739566054,
    84.45990353509283,
    91.18483311358025,
    97.90976269206769,
    104.6346922705551,
    111.35962184904254,
    118.08455142752996,
    124.80948100601738,
    131.5344105845048,
    138.25934016299223,
    144.98426974147964,
    151.70919931996707,
    158.4341288984545,
    165.15905847694194,
    171.88398805542937,
    178.6089176339168,
    185.3338472124042,
    192.05877679089164,
    198.78370636937905,
    205.50863594786648,
    212.2335655263539,
    218.95849510484135,
    225.68342468332878,
    232.4083542618162,
    239.13328384030362,
    245.85821341879105,
    252.58314299727846,
    259.3080725757659,
    266.0330021542534,
    272.75793173274076,
    279.48286131122825
  ],
  "counts": [
    19320,
    17609,
    18017,
    18342,
    18630,
    18455,
    18780,
    19287,
    20264,
    21032,
    21678,
    22436,
    22808,
    22753,
    22375,
    21645,
    20330,
    18556,
    16831,
    14915,
    13166,
    11300,
    9711,
    8325,
    7001,
    5765,
    4973,
    4083,
    3525,
    2843,
    2411,
    2025,
    1776,
    1485,
    1275,
    1143,
    888,
    845,
    745,
    644,
    629,
    481
  ],
  "n": 479102,
  "median": 82.78144561643202
}