{
  "bin_edges": [
    0.0,
    0.03335,
    0.0667,
    0.10005,
    0.1334,
    0.16674999999999998,
    0.2001,
    0.23345,
    0.2668,
    0.30015,
    0.33349999999999996,
    0.36684999999999995,
    0.4002,
    0.43355,
    0.4669,
    0.50025,
    0.5336,
    0.56695,
    0.6003,
    0.6336499999999999,
    0.6669999999999999,
    0.7003499999999999,
    0.7336999999999999,
    0.7670499999999999,
    0.8004,
    0.83375,
    0.8671,
    0.90045,
    0.9338,
    0.96715,
    1.0005
  ],
  "bin_centers": [
    0.016675,
    0.050025,
    0.083375,
    0.116725,
    0.150075,
    0.183425,
    0.216775,
    0.250125,
    0.283475,
    0.31682499999999997,
    0.35017499999999996,
    0.383525,
    0.416875,
    0.450225,
    0.483575,
    0.516925,
    0.550275,
    0.583625,
    0.6169749999999999,
    0.6503249999999999,
    0.6836749999999999,
    0.7170249999999999,
    0.7503749999999999,
    0.783725,
    0.817075,
    0.850425,
    0.883775,
    0.917125,
    0.950475,
    0.983825
  ],
  "counts": [
    723827,
    1534,
    1362,
    1465,
    1687,
    1994,
    2147,
    22655,
    2047,
    1901,
    1842,
    1872,
    1942,
    2270,
    10923,
    2222,
    2385,
    2452,
    2499,
    2751,
    3268,
    3659,
    31023,
    4327,
    4298,
    4680,
    5235,
    6204,
    6621,
    356179
  ],
  "n": 1217271,
  "median": 0.0
}