{
  "bin_edges": [
    0.012186085935656059,
    0.0701705516243413,
    0.12815501731302653,
    0.1861394830017118,
    0.24412394869039702,
    0.30210841437908226,
    0.3600928800677675,
    0.4180773457564527,
    0.476061811445138,
    0.5340462771338232,
    0.5920307428225084,
    0.6500152085111937,
    0.707999674199879,
    0.7659841398885642,
    0.8239686055772494,
    0.8819530712659347,
    0.9399375369546199,
    0.9979220026433051,
    1.0559064683319903,
    1.1138909340206755,
    1.1718753997093607,
    1.229859865398046,
    1.2878443310867311,
    1.3458287967754166,
    1.4038132624641018,
    1.461797728152787,
    1.5197821938414722,
    1.5777666595301574,
    1.6357511252188426,
    1.693735590907528,
    1.7517200565962132,
    1.8097045222848984,
    1.8676889879735836,
    1.9256734536622688,
    1.983657919350954,
    2.0416423850396397,
    2.099626850728325,
    2.15761131641701,
    2.2155957821056953
  ],
  "bin_centers": [
    0.04117831877999868,
    0.09916278446868391,
    0.15714725015736916,
    0.2151317158460544,
    0.27311618153473965,
    0.3311006472234249,
    0.3890851129121101,
    0.4470695786007953,
    0.5050540442894806,
    0.5630385099781658,
    0.621022975666851,
    0.6790074413555363,
    0.7369919070442216,
    0.7949763727329068,
    0.8529608384215921,
    0.9109453041102773,
    0.9689297697989625,
    1.0269142354876477,
    1.084898701176333,
    1.1428831668650181,
    1.2008676325537033,
    1.2588520982423885,
    1.3168365639310737,
    1.3748210296197592,
    1.4328054953084444,
    1.4907899609971296,
    1.5487744266858148,
    1.6067588923745,
    1.6647433580631854,
    1.7227278237518706,
    1.7807122894405558,
    1.838696755129241,
    1.8966812208179262,
    1.9546656865066114,
    2.012650152195297,
    2.0706346178839823,
    2.1286190835726675,
    2.1866035492613527
  ],
  "counts": [
    2779,
    5109,
    5655,
    6369,
    6848,
    7227,
    8052,
    8950,
    9955,
    11634,
    14377,
    22210,
    10031,
    11507,
    12537,
    13406,
    14673,
    16145,
    16302,
    14397,
    15485,
    16147,
    16191,
    15652,
    15256,
    15553,
    15171,
    13951,
    13452,
    12601,
    11434,
    10376,
    8883,
    7519,
    6454,
    4961,
    3786,
    2734
  ],
  "n": 423769,
  "median": 1.147053957890594
}